Accuracy,Accuracy,Accuracy,Accuracy,Accuracy,Accuracy,Accuracy,Accuracy,Accuracy,AUROC,AUROC,AUROC,AUROC,AUROC,AUROC,AUROC,AUROC,AUROC,F1,F1,F1,F1,F1,F1,F1,F1,F1
Metric,Mismatch,Mix0.00,Mix0.25,Mix0.50,Mix0.75,KR,ExtraTrees,KNN,Metric,Mismatch,Mix0.00,Mix0.25,Mix0.50,Mix0.75,KR,ExtraTrees,KNN,Metric,Mismatch,Mix0.00,Mix0.25,Mix0.50,Mix0.75,KR,ExtraTrees,KNN
0.5888538380651945,0.5688748685594112,0.6540483701366983,0.6456361724500526,0.6403785488958991,0.6288117770767613,0.6246056782334385,0.5899053627760252,0.6004206098843323,0.5140755379885815,0.4902576489533011,0.5841043283072268,0.5760942760942761,0.5674962182208558,0.5561460010735373,0.5434587420094666,0.588388718098863,0.5058922558922558,0.7066766691672918,0.6935724962630793,0.7886962106615286,0.7815942968243681,0.77734375,0.7679158448389217,0.7634194831013916,0.6889952153110048,0.7270114942528736
0.6056782334384858,0.6182965299684543,0.6435331230283912,0.6435331230283912,0.6456361724500526,0.655099894847529,0.658254468980021,0.6056782334384858,0.647739221871714,0.5475479432001171,0.5415898111550286,0.6029034304396623,0.6192358366271411,0.6288976723759332,0.6343971112087053,0.6362953203532913,0.5800273264041381,0.5570341092080222,0.7095274980635167,0.7305122494432071,0.7782864617396992,0.7762376237623763,0.7748830995323981,0.7774762550881954,0.7750865051903114,0.7178329571106095,0.7598566308243727
0.6593059936908517,0.6561514195583596,0.6708727655099895,0.6677181913774973,0.658254468980021,0.6572029442691903,0.650893796004206,0.6466876971608833,0.6403785488958991,0.5531108183282096,0.5435953740301567,0.5722539403698823,0.5780851998243303,0.5820524081393647,0.5839066998487289,0.5842995169082126,0.5639974625481872,0.5457180500658761,0.7753120665742025,0.7758738862234407,0.7947540983606557,0.7921052631578948,0.7840531561461794,0.7806191117092867,0.7744565217391305,0.7679558011049724,0.7564102564102564
0.6403785488958991,0.580441640378549,0.6603575184016824,0.6719242902208202,0.6656151419558359,0.655099894847529,0.6424815983175605,0.5646687697160884,0.6309148264984227,0.5698580002927829,0.5381642512077295,0.6151222368613674,0.6279070902259307,0.6314058458985996,0.6300980822719953,0.6259405650709999,0.5971307275655101,0.5597716293368467,0.7440119760479041,0.6779661016949152,0.7920154539600772,0.7947368421052632,0.7857142857142857,0.7722222222222223,0.7581792318634424,0.64,0.7370786516853932
0.6403785488958991,0.6834910620399579,0.6898002103049422,0.6855941114616193,0.6677181913774973,0.6719242902208202,0.6740273396424816,0.6771819137749737,0.6719242902208202,0.5400380617771922,0.5751793295271557,0.5964426877470356,0.6150441614209731,0.6247450348899625,0.627521592738984,0.6263211828429219,0.6063704679646708,0.561352657004831,0.7591549295774648,0.793127147766323,0.8068107400130976,0.8010645375914837,0.7879194630872484,0.7868852459016393,0.7867950481430537,0.7878369039391845,0.7860082304526749
0.6424815983175605,0.6529968454258676,0.6529968454258676,0.6519453207150369,0.6487907465825447,0.6435331230283912,0.6424815983175605,0.650893796004206,0.6130389064143007,0.5842482799004538,0.5993997950519689,0.6537988581466843,0.6325428194993412,0.6031913336261162,0.5656565656565656,0.5239252427658225,0.6565802957107305,0.525494071146245,0.738863287250384,0.7445820433436533,0.78515625,0.7840834964122635,0.781127129750983,0.7777049180327869,0.7766097240473062,0.7287581699346405,0.7325581395348837
0.5583596214511041,0.5520504731861199,0.6529968454258676,0.6519453207150369,0.650893796004206,0.6519453207150369,0.6498422712933754,0.5310199789695058,0.5962145110410094,0.46374615722441803,0.4766652027521593,0.452088518030547,0.4529253891572732,0.4571707412287122,0.46247499146049875,0.47016298248182303,0.4620870541160397,0.5033816425120773,0.6956521739130435,0.6782477341389728,0.7898089171974523,0.7890376035691523,0.7882653061224489,0.7890376035691523,0.7874920229738354,0.6553323029366306,0.7229437229437229
0.5856992639327024,0.6130389064143007,0.6445846477392219,0.6456361724500526,0.6435331230283912,0.6435331230283912,0.6487907465825447,0.5972660357518401,0.668769716088328,0.509530083443127,0.5361440491875274,0.48539013321622027,0.5243839359781389,0.5560581662030938,0.5835016835016835,0.6055701947006296,0.5267945152003123,0.5646171863563169,0.7050898203592815,0.7265973254086181,0.7808041504539559,0.7772637144745539,0.7735470941883767,0.7714093054619016,0.772169167803547,0.7069625095638867,0.7810979847116053
0.6025236593059937,0.6098843322818086,0.6424815983175605,0.6435331230283912,0.6403785488958991,0.6319663512092534,0.6140904311251314,0.5930599369085173,0.5888538380651945,0.5387424974381496,0.5500585565802957,0.5763016639828233,0.5597325916166496,0.5393744205338409,0.5205582393988191,0.504616210413312,0.5576562728736641,0.5183355292050944,0.7105666156202144,0.7139552814186585,0.7687074829931972,0.7692307692307693,0.7654320987654321,0.7569444444444444,0.7384176764076978,0.6911412609736632,0.7040121120363361
0.5720294426919033,0.6130389064143007,0.655099894847529,0.6445846477392219,0.6424815983175605,0.6403785488958991,0.6435331230283912,0.5993690851735016,0.6046267087276551,0.47918313570487486,0.5176840872493046,0.500470892499878,0.5211047674815792,0.5315668764944128,0.5387693358707851,0.5461938222807788,0.5210632899038695,0.5069828722002635,0.7048585931834663,0.7367668097281831,0.7842105263157895,0.776158940397351,0.7748344370860927,0.7738095238095238,0.7759418374091209,0.724112961622013,0.7318116975748931
0.6803364879074658,0.6898002103049422,0.6698212407991588,0.6855941114616193,0.6898002103049422,0.6898002103049422,0.6919032597266036,0.694006309148265,0.6876971608832808,0.5592738984043333,0.5743302591128678,0.7149880446981897,0.7026448055433562,0.6885668276972625,0.677924169228517,0.6698750792953692,0.6611745474064316,0.5911799150929586,0.7959731543624161,0.8002708192281652,0.7966321243523317,0.8023793787177792,0.8016139878950908,0.7961299239806496,0.7935165609584214,0.7960756832515767,0.7912860154602952
0.6645636172450052,0.6624605678233438,0.6466876971608833,0.6561514195583596,0.6519453207150369,0.6414300736067298,0.637223974763407,0.6635120925341745,0.6225026288117771,0.6075464792856098,0.5967061923583663,0.6643561216024985,0.6560532864880692,0.635031474161909,0.608846923339677,0.5837163909627678,0.6344361489289025,0.5192504757722148,0.7555555555555555,0.7584650112866818,0.7708049113233287,0.7746381805651275,0.7712508638562543,0.7623693379790941,0.7575544624033732,0.7527047913446677,0.7477160927617709
0.6698212407991588,0.6645636172450052,0.6603575184016824,0.6750788643533123,0.6708727655099895,0.6719242902208202,0.6729758149316509,0.6666666666666666,0.6666666666666666,0.5618723466549553,0.5521665934709412,0.6766871614697703,0.6781388766896014,0.6736300200068317,0.6660957400087836,0.6583711511247743,0.6592836578343826,0.5786268481920656,0.783448275862069,0.7816563997262149,0.7925497752087347,0.7973770491803279,0.790073775989269,0.7836338418862691,0.7780157030692363,0.776917663617171,0.7724335965541995
0.5741324921135647,0.5899053627760252,0.658254468980021,0.6561514195583596,0.655099894847529,0.6519453207150369,0.6466876971608833,0.5509989484752892,0.601472134595163,0.5084833845703411,0.5191406821841604,0.5516298248182305,0.5490508954277071,0.5439808715171035,0.5383350412335919,0.5318523398233543,0.533801785975699,0.5258673693456302,0.6891788181120491,0.7049924357034796,0.7893713545042126,0.786692759295499,0.7844940867279895,0.7815181518151815,0.776595744680851,0.6575781876503609,0.7169529499626587
0.5699263932702419,0.6088328075709779,0.6603575184016824,0.655099894847529,0.6456361724500526,0.6361724500525763,0.6246056782334385,0.583596214511041,0.6109358569926393,0.5159127506953594,0.5506734006734006,0.5294905577514273,0.5405553115698043,0.5505050505050505,0.5587176108915239,0.5647904162396916,0.5492802420338653,0.5522837066315327,0.677698975571316,0.7120743034055728,0.7920154539600772,0.7864583333333334,0.7775577557755775,0.7674731182795699,0.7553118574366005,0.6677852348993288,0.714064914992272
0.4879074658254469,0.519453207150368,0.637223974763407,0.6330178759200841,0.619348054679285,0.6151419558359621,0.6067297581493165,0.501577287066246,0.5814931650893796,0.4950007319572537,0.5148953301127215,0.5259356853559752,0.5226125994241936,0.5170887620162983,0.509774069194359,0.5035109549602304,0.5322427170253257,0.49991948470209335,0.5461323392357875,0.590134529147982,0.7740667976424361,0.7665551839464882,0.7540760869565217,0.7486263736263736,0.7402777777777778,0.5362035225048923,0.7051851851851851
0.555205047318612,0.5678233438485805,0.6593059936908517,0.6656151419558359,0.6729758149316509,0.6698212407991588,0.6666666666666666,0.5667718191377498,0.6656151419558359,0.5621504904113599,0.5554823598301859,0.614163372859025,0.6236861367296149,0.6323232323232324,0.6384765529693066,0.6411237983701752,0.6485214463475333,0.6126116234811887,0.6129917657822507,0.6429192006950478,0.7906976744186046,0.7905138339920948,0.7905723905723906,0.7849315068493151,0.7784765897973445,0.6142322097378277,0.7542503863987635
0.5709779179810726,0.6046267087276551,0.6614090431125131,0.6635120925341745,0.6603575184016824,0.6603575184016824,0.6593059936908517,0.5699263932702419,0.6319663512092534,0.5167179036744254,0.5431927975406237,0.5358878641487337,0.5460498706875518,0.5522422290538233,0.5570536280681209,0.563114234128727,0.5743961352657005,0.5605767823159127,0.6787401574803149,0.7107692307692308,0.7892670157068062,0.7908496732026143,0.7890267798824298,0.7895765472312704,0.7885117493472585,0.662262592898431,0.7380239520958084
0.6025236593059937,0.6140904311251314,0.6414300736067298,0.6403785488958991,0.6456361724500526,0.650893796004206,0.6529968454258676,0.6235541535226078,0.61198738170347,0.5387424974381496,0.5362392036305079,0.5715927389840434,0.5884253159615478,0.5973942321768408,0.6004538134972918,0.5995803445078807,0.5969379788220368,0.52610891523935,0.7105666156202144,0.7279466271312083,0.7804249839021249,0.7779220779220779,0.779016393442623,0.7810026385224275,0.78,0.7283763277693475,0.7308533916849015
0.5078864353312302,0.5573080967402734,0.6435331230283912,0.6414300736067298,0.6498422712933754,0.6519453207150369,0.6519453207150369,0.508937960042061,0.6277602523659306,0.520238618064705,0.568020787586005,0.5488264285365735,0.5692309569121162,0.5807812423754453,0.5873273800810033,0.5873883765188114,0.6038549748694676,0.5431561996779388,0.5601503759398496,0.6112650046168052,0.7753479125248509,0.7728181212524984,0.7775551102204409,0.778001341381623,0.7771043771043771,0.5417075564278705,0.7419825072886297
0.6151419558359621,0.6246056782334385,0.6635120925341745,0.6614090431125131,0.6498422712933754,0.6519453207150369,0.647739221871714,0.6172450052576236,0.6319663512092534,0.5313643683208901,0.5286707656272873,0.5995461865027083,0.588000780754404,0.5758161323378714,0.563836431952374,0.5556995071487826,0.6114966085980579,0.5485068072024594,0.7320644216691069,0.7455452601568069,0.7897503285151117,0.7870370370370371,0.7775551102204409,0.7758970886932972,0.77039067854695,0.7343065693430657,0.7445255474452555
0.6698212407991588,0.6666666666666666,0.6561514195583596,0.6466876971608833,0.6498422712933754,0.6445846477392219,0.6340694006309149,0.655099894847529,0.6203995793901157,0.646362172449129,0.6112867808519983,0.6523886205045625,0.6512126091836237,0.6432147562582345,0.6275655101742059,0.60785146147465,0.645830283511443,0.5460401112575025,0.740924092409241,0.7563412759415834,0.7878001297858533,0.7792378449408672,0.7781479013990673,0.7694406548431105,0.7590027700831025,0.7196581196581197,0.7307979120059657
0.6424815983175605,0.6214511041009464,0.6656151419558359,0.658254468980021,0.6498422712933754,0.637223974763407,0.6246056782334385,0.6140904311251314,0.6214511041009464,0.5501683501683502,0.5234153125457474,0.5959693553896452,0.5915288147172205,0.5832284194603036,0.5749231444883618,0.5671717171717172,0.5227028741521494,0.5305152979066022,0.7567954220314735,0.7443181818181818,0.7932379713914174,0.7863247863247863,0.7781479013990673,0.7664184157075152,0.7529411764705882,0.7354001441961067,0.7406340057636888
0.6834910620399579,0.6603575184016824,0.6614090431125131,0.6593059936908517,0.6603575184016824,0.658254468980021,0.6561514195583596,0.6098843322818086,0.637223974763407,0.5836993119601815,0.5716659347094131,0.6680451861611282,0.6633972576001561,0.6572634558141806,0.6398038354560094,0.6146952617967111,0.6258576099155809,0.5646025472112428,0.7896575821104123,0.7681263460157932,0.7925257731958762,0.7923076923076923,0.7930813581037797,0.7915330339961514,0.7902501603592046,0.6981285598047193,0.7427293064876958
0.6182965299684543,0.6561514195583596,0.6466876971608833,0.6309148264984227,0.629863301787592,0.6203995793901157,0.6151419558359621,0.6140904311251314,0.6130389064143007,0.5706997511345338,0.5769653052261748,0.574149709656956,0.5405357927097058,0.5097643097643099,0.4837261503928171,0.4666325086614942,0.5643268433123507,0.5056141121358513,0.7130434782608696,0.7604395604395604,0.7798165137614679,0.7686222808174028,0.7653333333333333,0.7569023569023569,0.751696065128901,0.7135050741608119,0.7430167597765364
0.6004206098843323,0.6277602523659306,0.7129337539432177,0.7024185068349106,0.6961093585699264,0.6887486855941115,0.6792849631966351,0.5930599369085173,0.6719242902208202,0.6521519543258674,0.6652759478846435,0.7359073830088322,0.7250622163665643,0.7118430683648076,0.6975455033426048,0.6828648806909676,0.7336846728151076,0.5996925779534477,0.6122448979591837,0.6556420233463035,0.8073394495412844,0.7980014275517487,0.7940128296507484,0.7861271676300579,0.7788252356780275,0.5887353878852285,0.7688888888888888
0.4658254468980021,0.4931650893796004,0.555205047318612,0.5688748685594112,0.5604626708727655,0.5846477392218717,0.5667718191377498,0.4605678233438486,0.6203995793901157,0.45418739432558963,0.4765195125050089,0.4829283906214877,0.4918197011307772,0.5000097733558773,0.5049013379724195,0.5078333447355818,0.4622748463139788,0.5430027658597132,0.5464285714285714,0.5779334500875657,0.6703039750584567,0.6811819595645412,0.6713836477987422,0.6926070038910506,0.6806201550387597,0.5164938737040528,0.7323943661971831
0.6109358569926393,0.6035751840168244,0.6130389064143007,0.5972660357518401,0.5909568874868559,0.5846477392218717,0.5667718191377498,0.5983175604626709,0.5888538380651945,0.5221659711295067,0.4979256052150628,0.5387733461038517,0.5409014943461137,0.5417077962059833,0.5406669338050606,0.5399779122157176,0.5088522170857808,0.5145916203246709,0.7314949201741655,0.7350667603654252,0.7390070921985815,0.7160859896219421,0.7014581734458941,0.6877470355731226,0.6682769726247987,0.7203513909224012,0.7062359128474831
0.7055730809674028,0.6887486855941115,0.7087276550998949,0.6950578338590957,0.6992639327024185,0.68664563617245,0.6719242902208202,0.6971608832807571,0.7003154574132492,0.6381830354088683,0.6110033327143541,0.7225808500864942,0.7238293962998075,0.7187277045319052,0.7092622093648295,0.6971505780940002,0.7281565496144411,0.6449022175744485,0.7919762258543833,0.7839416058394161,0.7997107736804049,0.7870778267254038,0.7849624060150376,0.7689922480620155,0.7495987158908507,0.7879234167893961,0.782608695652174
0.6046267087276551,0.6456361724500526,0.6309148264984227,0.6445846477392219,0.6424815983175605,0.6340694006309149,0.647739221871714,0.6203995793901157,0.6540483701366983,0.5753305837625465,0.5866359131735064,0.6129189104662867,0.6412885192388511,0.6509885749469796,0.6531142798502723,0.6541673589460413,0.6345937704629638,0.5902031880686871,0.6892561983471074,0.7417624521072796,0.7318563789152025,0.7355242566510172,0.7305863708399366,0.7189014539579968,0.7339158061953932,0.7095736122284795,0.7509462528387585
0.6498422712933754,0.6561514195583596,0.6466876971608833,0.6519453207150369,0.6456361724500526,0.6351209253417456,0.6203995793901157,0.655099894847529,0.6098843322818086,0.569806194352955,0.5853678202484387,0.6074971412934059,0.6243464068257116,0.6279136817208926,0.6241998064875537,0.6177298448968422,0.6328614431337288,0.5442708587847809,0.756043956043956,0.756152125279642,0.7613636363636364,0.7567964731814842,0.746043707611153,0.730799069045772,0.7155240346729709,0.7400950871632329,0.7174409748667174
0.6172450052576236,0.6130389064143007,0.6719242902208202,0.6708727655099895,0.6456361724500526,0.6288117770767613,0.6214511041009464,0.6004206098843323,0.5962145110410094,0.645828243043814,0.6039542997879183,0.6889947126144703,0.6803575093579883,0.6612457119401088,0.6315982368865998,0.5982613199894448,0.6676252699889561,0.5402637828751258,0.6539923954372624,0.6816608996539792,0.729636048526863,0.7406793703396851,0.7297514033680834,0.7244340359094458,0.7217928902627512,0.6252465483234714,0.7004680187207488
0.5057833859095688,0.61198738170347,0.6351209253417456,0.6077812828601472,0.5983175604626709,0.5846477392218717,0.5783385909568874,0.5425867507886435,0.6004206098843323,0.5062109676599654,0.546594474144587,0.5556470450258505,0.5616112354499164,0.5702704287571223,0.5762517225539734,0.5789345087422668,0.5461082496896958,0.5334566405066508,0.5719489981785064,0.718964204112719,0.7454145267791636,0.7180650037792895,0.7024922118380063,0.6867565424266455,0.6809864757358791,0.6304163126593033,0.710806697108067
0.5573080967402734,0.5688748685594112,0.576235541535226,0.5846477392218717,0.5951629863301787,0.5983175604626709,0.6277602523659306,0.5415352260778128,0.6435331230283912,0.5914175275364302,0.5859420049062246,0.6027179702694514,0.6132389878712654,0.6233690712379909,0.63012734682708,0.6347354841231834,0.588527057535746,0.6050733490358584,0.5868498527968596,0.616822429906542,0.6522864538395168,0.6626814688300597,0.6723404255319149,0.676271186440678,0.7074380165289256,0.5674603174603174,0.7281475541299118
0.5173501577287066,0.5636172450052577,0.5320715036803365,0.5478443743427971,0.5520504731861199,0.562565720294427,0.5751840168243953,0.5436382754994742,0.6046267087276551,0.46207693585746534,0.4917195242330359,0.4910353893216314,0.5081802988692228,0.5245506699635454,0.5397042582511558,0.551442058659682,0.48720423381776606,0.5302289897282029,0.6348448687350835,0.6848899012908124,0.6465448768864178,0.6630094043887147,0.6650943396226415,0.6719242902208202,0.6798732171156894,0.6561014263074485,0.718562874251497
0.5636172450052577,0.555205047318612,0.5141955835962145,0.5131440588853838,0.5141955835962145,0.5162986330178759,0.5110410094637224,0.5205047318611987,0.5531019978969506,0.5325257283593468,0.48815224933785517,0.47626784859117083,0.4773893411780803,0.4781565496144411,0.4800525806546194,0.4824837029290748,0.4841720501568624,0.5101691767902344,0.6550290939318371,0.6748654880860876,0.6256077795786061,0.6214227309893704,0.6194398682042833,0.6210873146622735,0.6141078838174274,0.6328502415458938,0.6553122465531225
0.6161934805467929,0.5604626708727655,0.6908517350157729,0.6677181913774973,0.658254468980021,0.658254468980021,0.6382754994742377,0.5583596214511041,0.6277602523659306,0.6421607912508918,0.5802270350570276,0.6985872614079496,0.6932949892004416,0.6796416110399829,0.6620202503933776,0.6409708851728417,0.6433653573627576,0.5944472678583644,0.6553352219074599,0.6056603773584905,0.7525252525252525,0.7379767827529021,0.7333880229696472,0.7368421052631579,0.723916532905297,0.5816733067729084,0.7117263843648208
0.5930599369085173,0.6319663512092534,0.6330178759200841,0.6309148264984227,0.6288117770767613,0.6340694006309149,0.6351209253417456,0.5993690851735016,0.6435331230283912,0.5385681056304302,0.5704585658577586,0.5526954915509338,0.5698013076750164,0.5856878976534172,0.5986180474789629,0.609173271826347,0.5881165765889034,0.5835963994956949,0.696945967110415,0.7324159021406728,0.7393577296489918,0.7366841710427607,0.732778198334595,0.7343511450381679,0.7324595219737856,0.6909975669099757,0.740627390971691
0.6487907465825447,0.6267087276550999,0.6645636172450052,0.6445846477392219,0.6098843322818086,0.5878023133543638,0.5846477392218717,0.5741324921135647,0.6098843322818086,0.594774675280251,0.5814731379313716,0.6148271582013116,0.6098793967884752,0.6040789100753526,0.5971838075039827,0.5916716347892376,0.5902716015598276,0.5643160116889336,0.7414860681114551,0.71847739888977,0.759245283018868,0.7363494539781591,0.702485966319166,0.6781609195402298,0.6721991701244814,0.6511627906976745,0.7048528241845664
0.5825446898002103,0.5993690851735016,0.5878023133543638,0.583596214511041,0.5920084121976866,0.5899053627760252,0.5962145110410094,0.576235541535226,0.6309148264984227,0.5455633850995416,0.5534138332079086,0.5932427017464986,0.5932964552038233,0.5899148740703095,0.5881605566903507,0.586486869496379,0.5926978371563443,0.5854044703329782,0.6759183673469388,0.6964143426294821,0.6858974358974359,0.6780487804878049,0.680921052631579,0.6733668341708543,0.678391959798995,0.6627615062761506,0.7220902612826603
0.5856992639327024,0.6382754994742377,0.6351209253417456,0.6572029442691903,0.6593059936908517,0.6540483701366983,0.6572029442691903,0.5499474237644585,0.647739221871714,0.5980878429226243,0.6304058874695805,0.6432456337532619,0.6580351645344462,0.6657903224230104,0.6675690731926622,0.6665282107917395,0.6606299905198448,0.6154477662995143,0.6378676470588235,0.7034482758620689,0.7239459029435164,0.7404458598726115,0.7428571428571429,0.7365892714171337,0.7375201288244766,0.5596707818930041,0.7278635255889521
0.6614090431125131,0.6519453207150369,0.6330178759200841,0.6225026288117771,0.5983175604626709,0.5909568874868559,0.5888538380651945,0.6624605678233438,0.629863301787592,0.5929666044429676,0.5592436399886629,0.6405799509377534,0.611269656662008,0.5856732376196014,0.5634437396768929,0.5444712125802638,0.6390992875223565,0.5409308144137452,0.7589820359281437,0.7637401855817273,0.7412898443291327,0.732289336316182,0.7110438729198184,0.7028265851795263,0.6989992301770592,0.7521235521235521,0.7456647398843931
0.5362776025236593,0.5509989484752892,0.5583596214511041,0.5709779179810726,0.5751840168243953,0.5772870662460567,0.576235541535226,0.5278654048370137,0.5867507886435331,0.5080459152259111,0.527890714334581,0.5347003000420254,0.5326772153754434,0.5303902501001769,0.5272676628974091,0.5231897301576443,0.5539977912215717,0.5237223780529521,0.628475147430497,0.637213254035684,0.6488294314381271,0.6682926829268293,0.6747181964573269,0.6799363057324841,0.6819258089976322,0.5854108956602031,0.6974595842956121
0.6498422712933754,0.647739221871714,0.6445846477392219,0.6708727655099895,0.6698212407991588,0.6656151419558359,0.6614090431125131,0.6466876971608833,0.6656151419558359,0.5970103304371621,0.5868118335792962,0.6383687291705353,0.6554403385490477,0.6644904660913418,0.6689959831507345,0.6704742032271621,0.6485598960114936,0.6076364116146562,0.7416602017067494,0.7444698703279939,0.7514705882352941,0.762338648443432,0.7562111801242236,0.750392464678179,0.7436305732484076,0.7341772151898734,0.7568807339449541
0.5110410094637224,0.5499474237644585,0.5583596214511041,0.5646687697160884,0.5709779179810726,0.5720294426919033,0.5867507886435331,0.4794952681388013,0.619348054679285,0.5095143619464616,0.530666347403708,0.5180538316441717,0.5412386751238772,0.5626960779522865,0.58028811853126,0.5909361897594778,0.5325794818166714,0.5765620266030747,0.579185520361991,0.6329331046312179,0.6590909090909091,0.6589785831960461,0.659432387312187,0.655376799322608,0.6700251889168766,0.5208131655372701,0.7108626198083067
0.555205047318612,0.576235541535226,0.5856992639327024,0.5573080967402734,0.544689800210305,0.53732912723449,0.544689800210305,0.5499474237644585,0.5636172450052577,0.521083571966106,0.5221268777059979,0.5442684154458116,0.5513150050332783,0.5554442478913983,0.5572376586948661,0.5595857074443652,0.5558254087706096,0.5303780334053303,0.6501240694789082,0.6829268292682927,0.6926677067082684,0.6506224066390042,0.6264020707506471,0.6119929453262787,0.6171529619805481,0.6284722222222222,0.6567411083540116
0.555205047318612,0.5478443743427971,0.5899053627760252,0.5646687697160884,0.5467928496319664,0.526813880126183,0.5184016824395373,0.5215562565720294,0.5068349106203995,0.5361174366442205,0.526910935407891,0.5661167525093092,0.5429881058258974,0.5245262365738523,0.5102522503151907,0.49859996677059004,0.5849891027081969,0.48267428336868035,0.6375321336760925,0.6324786324786325,0.7,0.6703821656050956,0.6510121457489878,0.628099173553719,0.6138279932546374,0.55435847208619,0.598114824335904
0.6025236593059937,0.5993690851735016,0.6203995793901157,0.6067297581493165,0.6004206098843323,0.5867507886435331,0.5888538380651945,0.5909568874868559,0.6203995793901157,0.5715751717667295,0.5648682062959959,0.6054422932202229,0.5992386555771656,0.5916789648061455,0.5854875438579346,0.5798898542792639,0.6197162794788846,0.5580366305378277,0.6886326194398682,0.6884709730171709,0.7155240346729709,0.7008,0.6935483870967742,0.6791836734693878,0.6813365933170334,0.6523681858802503,0.7237949502677888
0.6614090431125131,0.6666666666666666,0.6519453207150369,0.6656151419558359,0.6677181913774973,0.6572029442691903,0.6487907465825447,0.6624605678233438,0.6203995793901157,0.6352046052052893,0.6342126095837528,0.674034148105435,0.6771323019185098,0.6758275589089027,0.6671488188899423,0.6511669386917387,0.6717032027287211,0.586672563258046,0.735632183908046,0.7437348423605498,0.7332796132151491,0.7439613526570048,0.748006379585327,0.7400318979266348,0.7302100161550888,0.7291139240506329,0.7057864710676447
0.5720294426919033,0.5793901156677181,0.5741324921135647,0.5751840168243953,0.5793901156677181,0.580441640378549,0.5741324921135647,0.5699263932702419,0.5930599369085173,0.5317976133464948,0.5395723179468134,0.5348004769397668,0.5325941418504871,0.5307714109793881,0.5266568281550836,0.5212399456601413,0.5543423020162433,0.5213865459982994,0.669374492282697,0.6753246753246753,0.6943396226415094,0.6920731707317073,0.6927803379416283,0.69236700077101,0.686289697908598,0.6530958439355385,0.7079245283018868
0.6466876971608833,0.6561514195583596,0.655099894847529,0.6540483701366983,0.6456361724500526,0.6288117770767613,0.6161934805467929,0.6309148264984227,0.6277602523659306,0.6196551960046521,0.6175832445586841,0.649818215580684,0.6382978723404255,0.6221669484650946,0.6059285176751141,0.5904890587280954,0.6410808354264603,0.5693908267281736,0.7236842105263158,0.7386091127098321,0.7469135802469136,0.7435697583787997,0.7314741035856573,0.7150928167877321,0.7086991221069433,0.6912928759894459,0.7272727272727273
0.6435331230283912,0.6961093585699264,0.668769716088328,0.6635120925341745,0.655099894847529,0.6361724500525763,0.6214511041009464,0.6971608832807571,0.6246056782334385,0.6129482305339184,0.6588683431229782,0.6085966438295918,0.6188342341109667,0.6222597953459279,0.622640956225139,0.6182722661480272,0.6369711392800945,0.5820131158435872,0.723265306122449,0.7704527402700556,0.7654504839910647,0.7604790419161677,0.7530120481927711,0.7362804878048781,0.719188767550702,0.7669902912621359,0.7150837988826816
0.4879074658254469,0.45741324921135645,0.5099894847528917,0.5162986330178759,0.5141955835962145,0.5026288117770767,0.5026288117770767,0.4426919032597266,0.5278654048370137,0.50042025430272,0.47997195046863245,0.44353443641943335,0.43306717227494407,0.42406102483409724,0.41899353981176524,0.41649156070720006,0.46253139690575557,0.4779904025645286,0.5401322001888574,0.49510763209393344,0.6307448494453248,0.6290322580645161,0.6231647634584013,0.6074688796680497,0.608119304059652,0.4742063492063492,0.6393574297188755
0.5751840168243953,0.5972660357518401,0.5899053627760252,0.5899053627760252,0.5983175604626709,0.6004206098843323,0.6056782334384858,0.5383806519453207,0.6182965299684543,0.5241866124571195,0.534624556533977,0.5633117993725505,0.5762077424525259,0.5885368308916232,0.5979583459572514,0.6036928625182029,0.5462963867903322,0.5635878966760817,0.6798732171156894,0.7056110684089162,0.7089552238805971,0.6953125,0.6924315619967794,0.6880131362889984,0.6898263027295285,0.633249791144528,0.7175097276264591
0.53732912723449,0.573080967402734,0.5983175604626709,0.5846477392218717,0.583596214511041,0.5793901156677181,0.5699263932702419,0.5247108307045215,0.601472134595163,0.5288949266509642,0.5555102180435696,0.5424114778291422,0.548358564880423,0.5531670559720092,0.5586059285176751,0.5632409425424408,0.5612031978420431,0.5550215502497093,0.6113074204946997,0.6523972602739726,0.701095461658842,0.6852589641434262,0.6806451612903226,0.6742671009771987,0.6565910999160369,0.5799256505576208,0.6984884645982498
0.4658254468980021,0.5152471083070452,0.491062039957939,0.49737118822292326,0.480546792849632,0.480546792849632,0.4889589905362776,0.46267087276551,0.5341745531019979,0.4291309531953987,0.44185586254752296,0.40631994057799625,0.4082623950585913,0.41099893470420945,0.41332988008092336,0.41545802832318535,0.42809986415035334,0.4713591806018433,0.573109243697479,0.6472838561591431,0.6128,0.6132686084142395,0.6003236245954693,0.6009693053311793,0.6112,0.5745212323064113,0.6547155105222136
0.6393270241850684,0.6561514195583596,0.655099894847529,0.6267087276550999,0.6004206098843323,0.5783385909568874,0.5867507886435331,0.5825446898002103,0.6109358569926393,0.5388588629677773,0.5488570060301605,0.5763201360451139,0.5602283055932916,0.5438823678886618,0.5317047664656613,0.5240888788983473,0.5814487045416784,0.5314726492635776,0.7582804792107117,0.7733887733887734,0.7780784844384303,0.7444204463642908,0.7103658536585366,0.6864738076622361,0.6965250965250965,0.6785425101214575,0.7263313609467456
0.583596214511041,0.5930599369085173,0.6056782334384858,0.5993690851735016,0.6046267087276551,0.6025236593059937,0.5993690851735016,0.5751840168243953,0.5962145110410094,0.5499467352104692,0.5514542753545285,0.5795160234169606,0.578636421388012,0.5764129829259472,0.5732122088761619,0.5695936238626258,0.5743361448020408,0.5416955795111368,0.6743421052631579,0.6881547139403706,0.7143945163747144,0.7075978511128166,0.7107692307692308,0.7083333333333334,0.7057915057915058,0.6599326599326599,0.6995305164319249
0.5682773109243697,0.5703781512605042,0.6186974789915967,0.615546218487395,0.6081932773109243,0.582983193277311,0.5787815126050421,0.5199579831932774,0.569327731092437,0.5294894280424828,0.5424778329923026,0.5423146253532105,0.5503556464971255,0.5543992984507454,0.5551885413621749,0.5529669687225958,0.5423560362467115,0.5196238916496151,0.6650366748166259,0.658312447786132,0.7494824016563147,0.738944365192582,0.7230883444691908,0.6934362934362934,0.6825019794140934,0.5676442762535477,0.6740858505564388
0.5367647058823529,0.5168067226890757,0.6407563025210085,0.6407563025210085,0.6407563025210085,0.6386554621848739,0.6397058823529411,0.5042016806722689,0.5808823529411765,0.4676751437201598,0.4659163987138264,0.43687274676020654,0.42700964630225086,0.41622332651271565,0.4091786027477346,0.4078144791971158,0.45570495956348045,0.49432427165546133,0.6615502686108979,0.6308186195826645,0.7784974093264249,0.7764705882352941,0.7755905511811023,0.7733860342555995,0.7729980145598941,0.613747954173486,0.7076923076923077
0.6081932773109243,0.6218487394957983,0.6533613445378151,0.6607142857142857,0.6586134453781513,0.6617647058823529,0.6586134453781513,0.6165966386554622,0.6628151260504201,0.5365633830264055,0.5470135437981097,0.5941561921465459,0.6199600506674462,0.6373233947188932,0.6507551398226639,0.6605914449965897,0.6083430770729805,0.5861882490499853,0.7197595792637115,0.7321428571428571,0.7817460317460317,0.7830758898589657,0.7778537252221462,0.7766990291262136,0.7709654686398872,0.7198772064466615,0.7641440117560617
0.5945378151260504,0.5682773109243697,0.6617647058823529,0.6502100840336135,0.648109243697479,0.6470588235294118,0.6418067226890757,0.5609243697478992,0.6165966386554622,0.5424729611224788,0.5358910649907435,0.5869019779791484,0.5904121601870799,0.5912696092760401,0.5883805904706227,0.584349118191562,0.5693583747442269,0.5593539900613855,0.6965408805031447,0.6600496277915633,0.7911802853437094,0.7799074686054197,0.7753185781354796,0.7704918032786885,0.7623693379790941,0.6254480286738351,0.7177107501933488
0.6186974789915967,0.6281512605042017,0.6418067226890757,0.6460084033613446,0.6544117647058824,0.6407563025210085,0.6460084033613446,0.6281512605042017,0.6449579831932774,0.546024554223911,0.5468576439637534,0.6121894182987431,0.6207882685374646,0.6117265906654974,0.5983776673487284,0.5863295332748709,0.616191659358862,0.5547403293384,0.7284966342557966,0.7404692082111437,0.7672354948805461,0.7687028140013726,0.772318339100346,0.7567567567567568,0.759800427655025,0.7199367088607594,0.757532281205165
0.5157563025210085,0.5346638655462185,0.5703781512605042,0.5714285714285714,0.5798319327731093,0.5903361344537815,0.5913865546218487,0.5115546218487395,0.5987394957983193,0.47507064211244276,0.5030546623794212,0.4674388580337134,0.4788512130955861,0.4887508525772192,0.49754944947870994,0.5053225177823248,0.5167226931696386,0.5072785735165156,0.6211996713229252,0.6299081035923141,0.7080656673804425,0.7064748201438849,0.7130559540889526,0.7202295552367288,0.7207465900933238,0.5866666666666667,0.7239884393063584
0.6376050420168067,0.6418067226890757,0.6144957983193278,0.6376050420168067,0.6292016806722689,0.625,0.6228991596638656,0.6355042016806722,0.6218487394957983,0.6088619312091981,0.6177677092468089,0.6495883269999025,0.6499025626035272,0.6430916885900809,0.6218113612004288,0.5912160187079801,0.6478125304491863,0.5306538049303322,0.7169811320754716,0.7174813587406794,0.7449617790132036,0.7612456747404844,0.7536636427076064,0.7477031802120141,0.7452093683463449,0.702656383890317,0.7410071942446043
0.5903361344537815,0.6008403361344538,0.6218487394957983,0.6186974789915967,0.6165966386554622,0.6113445378151261,0.6071428571428571,0.5871848739495799,0.6029411764705882,0.530010718113612,0.5387605963168665,0.5719063626619896,0.5709003215434083,0.5734677969404658,0.5712657117801813,0.5653610055539315,0.5801422585988503,0.5318327974276528,0.6986089644513137,0.7081413210445469,0.7574123989218329,0.7525562372188139,0.7477539737387698,0.7419804741980475,0.7373595505617978,0.6733167082294265,0.7153614457831325
0.5840336134453782,0.5976890756302521,0.6418067226890757,0.6376050420168067,0.6281512605042017,0.6207983193277311,0.6260504201680672,0.5882352941176471,0.6123949579831933,0.4903342102699016,0.5036295430186106,0.5169419273117023,0.5313261229659944,0.5413134561044529,0.5480658676800156,0.5503020559290656,0.5469940563188153,0.525552957224983,0.7142857142857143,0.7246585190510424,0.7763934426229508,0.7731755424063116,0.7658730158730159,0.7582049564634963,0.7574931880108992,0.7043740573152338,0.7316363636363636
0.5493697478991597,0.5273109243697479,0.6365546218487395,0.6628151260504201,0.6701680672268907,0.6680672268907563,0.6638655462184874,0.49684873949579833,0.601890756302521,0.4638068790801909,0.4703985189515736,0.48405437006723173,0.5079265322030595,0.5309509889895742,0.5582529474812433,0.5842638604696483,0.5056367533859496,0.533162817889506,0.6829268292682927,0.6445497630331753,0.766531713900135,0.7869940278699403,0.7923280423280423,0.7915567282321899,0.7883597883597884,0.5957805907172996,0.7130961392884179
0.6081932773109243,0.592436974789916,0.6754201680672269,0.6890756302521008,0.6890756302521008,0.6712184873949579,0.6796218487394958,0.5630252100840336,0.6743697478991597,0.5849313066354866,0.5892331676897594,0.6470598265614342,0.654068011302738,0.657288317256163,0.6529572249829485,0.6438931111760693,0.6230390723959855,0.6021436227224009,0.6878661087866109,0.6578483245149912,0.7837648705388384,0.7897727272727273,0.7851959361393324,0.7676317743132888,0.7725577926920209,0.5984555984555985,0.7707100591715976
0.615546218487395,0.6207983193277311,0.6638655462184874,0.6596638655462185,0.6607142857142857,0.648109243697479,0.6271008403361344,0.6102941176470589,0.6218487394957983,0.56139530351749,0.5604355451622333,0.6097096365585113,0.6064454837766735,0.6016272045210953,0.594826074247296,0.5867436422098802,0.6023920880834065,0.5583942317061288,0.7149532710280374,0.7229470452801228,0.7837837837837838,0.7777777777777778,0.772695285010556,0.756717501815541,0.7364513734224202,0.7043824701195219,0.725609756097561
0.5756302521008403,0.6123949579831933,0.6144957983193278,0.6334033613445378,0.6365546218487395,0.6123949579831933,0.592436974789916,0.5934873949579832,0.5997899159663865,0.5415180746370457,0.5433352820812629,0.5647958686543896,0.571402124135243,0.5731170223131639,0.5721621358277307,0.5690806781642794,0.5562579167884635,0.5166179479684303,0.6677631578947368,0.7215094339622642,0.7406360424028269,0.748014440433213,0.746705710102489,0.7235955056179775,0.7095808383233533,0.696945967110415,0.7200587803085966
0.5136554621848739,0.5273109243697479,0.6397058823529411,0.6386554621848739,0.634453781512605,0.6281512605042017,0.6260504201680672,0.5336134453781513,0.6165966386554622,0.4542580142258599,0.49031472279060706,0.48996151222839324,0.5062262496346097,0.5176946311994545,0.5258550131540485,0.5327024261911721,0.5460927604014421,0.5223667543603235,0.6351457840819543,0.628099173553719,0.7699530516431925,0.7681940700808625,0.7635869565217391,0.7565337001375516,0.7524339360222532,0.6070796460176991,0.7387258410880458
0.5630252100840336,0.5945378151260504,0.6334033613445378,0.6365546218487395,0.6334033613445378,0.6313025210084033,0.615546218487395,0.542016806722689,0.5955882352941176,0.5098216895644547,0.5182889993179383,0.507017928480951,0.5076878105817012,0.5114147909967846,0.5146350969502095,0.5185155412647374,0.5168030790217286,0.5148250998733314,0.6714060031595577,0.7119402985074627,0.7690271343481139,0.7696404793608522,0.7633898305084745,0.7570934256055364,0.7415254237288136,0.6455284552845528,0.7154471544715447
0.6418067226890757,0.6428571428571429,0.6628151260504201,0.6607142857142857,0.6701680672268907,0.6754201680672269,0.6680672268907563,0.6081932773109243,0.6460084033613446,0.6142112442755528,0.6029231218941831,0.6312920198772289,0.641795771216993,0.6480756114196629,0.6515784858228587,0.6520340056513689,0.6164035856961901,0.5818620286465945,0.7198027937551356,0.7284345047923323,0.7763066202090593,0.7730147575544624,0.7791842475386779,0.7840670859538784,0.7780898876404494,0.6857624262847515,0.744890234670704
0.5283613445378151,0.5504201680672269,0.6207983193277311,0.6239495798319328,0.6050420168067226,0.6081932773109243,0.6029411764705882,0.5210084033613446,0.6102941176470589,0.5145912501217967,0.5122673682159213,0.5284005651368996,0.5295527623501901,0.5277014518172074,0.5243252460294261,0.5216286660820424,0.5186787489038293,0.541016272045211,0.6078602620087337,0.6491803278688525,0.7501730103806228,0.7464589235127479,0.7263464337700145,0.7230883444691908,0.7179104477611941,0.5808823529411765,0.72
0.6911764705882353,0.6995798319327731,0.6743697478991597,0.6743697478991597,0.6733193277310925,0.6743697478991597,0.6701680672268907,0.6985294117647058,0.6596638655462185,0.6349215628958396,0.6370846730975348,0.7058365000487187,0.7007453960830168,0.6908798596901491,0.6734726688102892,0.6457663451232583,0.6787562116340251,0.5745298645620189,0.7759146341463414,0.7852852852852853,0.7847222222222222,0.7862068965517242,0.7859600825877495,0.7879616963064295,0.7852257181942545,0.7783783783783784,0.7658959537572254
0.6460084033613446,0.6186974789915967,0.6386554621848739,0.6418067226890757,0.6386554621848739,0.6407563025210085,0.6376050420168067,0.6123949579831933,0.6071428571428571,0.5662135827730683,0.5317986943388873,0.6324320374159602,0.6249975640650881,0.6104842638604696,0.5911478125304492,0.5713485335671831,0.587177238624184,0.5371821104940075,0.7531135531135531,0.7363834422657952,0.7769130998702983,0.7781392322706572,0.7751633986928105,0.7744063324538258,0.7695390781563126,0.7055067837190743,0.717948717948718
0.6302521008403361,0.6386554621848739,0.6607142857142857,0.667016806722689,0.6586134453781513,0.6502100840336135,0.6292016806722689,0.6207983193277311,0.6218487394957983,0.5392185520802883,0.5392477832992303,0.565935886193121,0.5559095780960732,0.5478320179284809,0.5429309168859009,0.5377034005651369,0.5561434278476078,0.5455909578096072,0.7471264367816092,0.7574047954866009,0.7819041188386225,0.783617747440273,0.7747747747747747,0.7636621717530163,0.7443881245474294,0.7385952208544533,0.7329376854599406
0.5262605042016807,0.5084033613445378,0.6533613445378151,0.6491596638655462,0.6428571428571429,0.6334033613445378,0.6176470588235294,0.48739495798319327,0.5861344537815126,0.5023141381662282,0.4694436324661405,0.5208028841469357,0.5270291337815454,0.5343369385170028,0.540421903926727,0.5451865926142454,0.5018829776868362,0.5239501120530059,0.6155157715260017,0.6132231404958678,0.7817460317460317,0.7764390896921017,0.7711978465679677,0.7640297498309668,0.7510259917920656,0.5635062611806798,0.6964560862865947
0.5861344537815126,0.5787815126050421,0.648109243697479,0.6355042016806722,0.6239495798319328,0.6113445378151261,0.6071428571428571,0.5934873949579832,0.5798319327731093,0.6085939783688981,0.5837620578778134,0.61392623989087,0.5949868459514762,0.5708223716262302,0.5463460976322713,0.522965994348631,0.6077292214752021,0.5105914449965896,0.6283018867924528,0.6377597109304426,0.7622427253371186,0.7547703180212014,0.7468175388967468,0.7383309759547383,0.7339971550497866,0.6275264677574591,0.6960486322188449
0.5987394957983193,0.5787815126050421,0.6512605042016807,0.648109243697479,0.6418067226890757,0.6397058823529411,0.6376050420168067,0.5672268907563025,0.6081932773109243,0.5250608983727955,0.5361054272629835,0.5375158335769269,0.538982266393842,0.5385730293286564,0.5378787878787878,0.5356596511741207,0.5697627399395888,0.5230488161356328,0.7136431784107946,0.6768734891216761,0.7858064516129032,0.7823261858349577,0.7775603392041748,0.7753765553372626,0.771674387822634,0.6502546689303905,0.7275383491599707
0.4810924369747899,0.4579831932773109,0.5808823529411765,0.5714285714285714,0.569327731092437,0.5588235294117647,0.5724789915966386,0.4422268907563025,0.582983193277311,0.4520997758939881,0.4365487674169346,0.4497905095975836,0.4618045405826756,0.4731803566208711,0.4852869531326123,0.49580288414693563,0.4329825587060313,0.5179820715190491,0.5792163543441227,0.5497382198952879,0.7156094084105489,0.7021897810218978,0.6917293233082706,0.676923076923077,0.6861989205859677,0.5004703668861712,0.6957854406130268
0.5577731092436975,0.5945378151260504,0.6460084033613446,0.6376050420168067,0.6302521008403361,0.6176470588235294,0.6123949579831933,0.5819327731092437,0.5819327731092437,0.47806197018415664,0.5040631394329144,0.4822103673389847,0.48506284712072495,0.48358179869433887,0.47997174315502295,0.4768293871187762,0.477411575562701,0.48517002825684497,0.6855862584017924,0.7202898550724638,0.7754830113257828,0.7683008730691739,0.7611940298507462,0.7493112947658402,0.7432150313152401,0.7003012048192772,0.7144906743185079
0.5430672268907563,0.5619747899159664,0.6565126050420168,0.6523109243697479,0.6386554621848739,0.625,0.6176470588235294,0.5777310924369747,0.5619747899159664,0.469653122868557,0.49834843612978663,0.4839618045405827,0.468829776868362,0.4556026502971841,0.44443632466140504,0.43516028451719774,0.5283299230244568,0.4677628373769853,0.6697038724373576,0.677992277992278,0.788896061975468,0.7849252761533463,0.7742782152230971,0.7621585609593604,0.7553763440860215,0.6784,0.6980448950036205
0.6050420168067226,0.6050420168067226,0.6407563025210085,0.6355042016806722,0.6376050420168067,0.6386554621848739,0.6428571428571429,0.5892857142857143,0.6313025210084033,0.4886290558316282,0.48720646984312577,0.5295673779596609,0.5358983727954789,0.5409505018025919,0.5460513495079411,0.5486967748221767,0.5471840592419371,0.5279304296989185,0.7417582417582418,0.7424657534246575,0.7784974093264249,0.7739413680781759,0.7743623283191629,0.7715803452855245,0.7693351424694709,0.7197132616487455,0.7540294323756132
0.5892857142857143,0.6092436974789915,0.6239495798319328,0.6292016806722689,0.6386554621848739,0.6407563025210085,0.6460084033613446,0.5682773109243697,0.6323529411764706,0.5327633245639677,0.5665302543116049,0.5715799473838059,0.604350579752509,0.6276819643379128,0.6411185813115075,0.6496662769170808,0.5926507843710417,0.5635876449381272,0.6952455183164459,0.7024,0.7574525745257452,0.7546907574704657,0.7553342816500711,0.751453488372093,0.7512915129151292,0.6397896581945661,0.7368421052631579
0.6071428571428571,0.5966386554621849,0.6460084033613446,0.6365546218487395,0.634453781512605,0.6355042016806722,0.6376050420168067,0.5777310924369747,0.6386554621848739,0.5265127155802397,0.5163402513884829,0.5194290168566695,0.5386387995712756,0.5494251193608107,0.5580385852090033,0.5639384195654293,0.5618288999317939,0.5492058852187469,0.724188790560472,0.7159763313609467,0.7715254237288136,0.7597222222222222,0.7531914893617021,0.7516105941302792,0.7498187092095722,0.6747572815533981,0.7525179856115108
0.5703781512605042,0.5546218487394958,0.6554621848739496,0.6617647058823529,0.6680672268907563,0.6596638655462185,0.6491596638655462,0.5336134453781513,0.6292016806722689,0.5894231706128812,0.5688297768683621,0.6077438370846732,0.6162233265127156,0.6205251875669883,0.6226054759816817,0.6226127837864173,0.605495469161064,0.5576196044041704,0.615962441314554,0.6052141527001862,0.7728531855955678,0.7735583684950773,0.7742857142857142,0.7655571635311144,0.7572674418604651,0.5487804878048781,0.7359760658189978
0.5399159663865546,0.5514705882352942,0.6407563025210085,0.6271008403361344,0.6186974789915967,0.6081932773109243,0.6113445378151261,0.5651260504201681,0.6134453781512605,0.5013836110299132,0.5045357108058073,0.5296964825099874,0.5499269219526455,0.5648592029620969,0.5758403975445776,0.5844757868069765,0.5286027477345806,0.5462730195849167,0.6403940886699507,0.6570281124497992,0.7644628099173554,0.7447879223580158,0.7317073170731707,0.7180650037792895,0.7166921898928025,0.6461538461538462,0.7212121212121212
0.6176470588235294,0.6439075630252101,0.6554621848739496,0.6607142857142857,0.6649159663865546,0.6649159663865546,0.6596638655462185,0.6228991596638656,0.6586134453781513,0.5139238039559584,0.5283299230244567,0.5249634609763227,0.529567377959661,0.5331823053688005,0.5365779986358764,0.5378008379616097,0.4762813017636169,0.5502533372308293,0.7443820224719101,0.7686006825938566,0.7859007832898173,0.7884741322855272,0.7902695595003287,0.7886017229953611,0.7828418230563002,0.7477160927617709,0.7757073844030365
0.592436974789916,0.5682773109243697,0.6071428571428571,0.6228991596638656,0.6271008403361344,0.6323529411764706,0.6439075630252101,0.5640756302521008,0.6218487394957983,0.5465555880346877,0.5060167592321932,0.5982777940173439,0.6167056416252559,0.6248075611419662,0.6270437493910163,0.6248489720354672,0.5702401831823053,0.5669297476371431,0.6905901116427432,0.6821345707656613,0.7413554633471646,0.7452093683463449,0.7433116413593637,0.7372372372372372,0.7398311588641596,0.6527196652719666,0.7204968944099379
0.6533613445378151,0.6554621848739496,0.6796218487394958,0.6890756302521008,0.6827731092436975,0.6628151260504201,0.6586134453781513,0.6092436974789915,0.6144957983193278,0.6422585988502388,0.6445776088862907,0.6650906167787196,0.6563772775991427,0.6440270875962193,0.6278719672610348,0.6106304199551789,0.6656216505894963,0.5634366169735945,0.7189097103918228,0.7206132879045997,0.7932203389830509,0.7961432506887053,0.7888111888111888,0.7721788502484032,0.7646632874728457,0.6568265682656826,0.712156862745098
0.6439075630252101,0.6355042016806722,0.6355042016806722,0.6407563025210085,0.657563025210084,0.6638655462184874,0.6554621848739496,0.625,0.648109243697479,0.5446896618922342,0.5325684497710221,0.5848972035467213,0.5959636558511157,0.5998465361005554,0.5976298353307999,0.593169638507259,0.5603916983338206,0.5500389749585891,0.7610993657505285,0.7568325157673441,0.7712590639419907,0.7738095238095238,0.7812080536912752,0.782608695652174,0.7719054242002782,0.7396061269146609,0.7635850388143967
0.6365546218487395,0.6733193277310925,0.6838235294117647,0.6911764705882353,0.6932773109243697,0.6796218487394958,0.667016806722689,0.6691176470588235,0.648109243697479,0.5689369580044821,0.5913816622819839,0.7014664328169151,0.6989671635973886,0.6881516125889116,0.6752947481243301,0.6616194095293775,0.6747929455324954,0.5713777647861249,0.7394578313253012,0.7744742567077593,0.8018433179723502,0.8050397877984085,0.8055925432756325,0.7929395790902919,0.7806228373702422,0.7685525349008082,0.7531319086219602
0.5493697478991597,0.5756302521008403,0.625,0.6134453781512605,0.6039915966386554,0.601890756302521,0.6060924369747899,0.5451680672268907,0.5850840336134454,0.5562749683328462,0.5493422975738088,0.5445897885608496,0.5280376108350385,0.5043067329240962,0.4774870895449674,0.4542726298353308,0.5235384390529086,0.498962291727565,0.6075022872827082,0.661641541038526,0.7469879518072289,0.7447988904299584,0.7394609536973048,0.7395189003436426,0.7415575465196417,0.6031164069660861,0.7106227106227107
0.6313025210084033,0.6754201680672269,0.6754201680672269,0.6827731092436975,0.6859243697478992,0.680672268907563,0.6775210084033614,0.680672268907563,0.6470588235294118,0.5891016272045211,0.5979684302835429,0.6523750365390236,0.6529426093734775,0.6461707103186203,0.6359933742570398,0.6243033226152198,0.6603697749196141,0.5648835623112151,0.7203187250996016,0.7739575713240673,0.7941372418387741,0.7967698519515478,0.7972881355932203,0.7914951989026063,0.7878369039391845,0.7790697674418605,0.7551020408163265
0.47584033613445376,0.47689075630252103,0.6050420168067226,0.6355042016806722,0.6544117647058824,0.6586134453781513,0.6638655462184874,0.453781512605042,0.5850840336134454,0.4374110883757186,0.4467504628276332,0.466837182110494,0.49067036928773267,0.5131102016954107,0.5403683133586671,0.57058121406996,0.47018659261424534,0.5352382344343759,0.5838198498748958,0.576530612244898,0.7431693989071039,0.7691284098469727,0.7839789888378201,0.7885491216655823,0.7927461139896373,0.533213644524237,0.6872525732383215
0.6271008403361344,0.6365546218487395,0.6460084033613446,0.6533613445378151,0.6470588235294118,0.6502100840336135,0.6491596638655462,0.6418067226890757,0.6365546218487395,0.5560118873623696,0.5447529961999416,0.6124257039851896,0.6226639384195654,0.6241449868459514,0.6187274676020657,0.612649809997077,0.6148518951573615,0.5589788560849653,0.7340823970037453,0.7521489971346705,0.77367360644728,0.7767253044654939,0.7720488466757124,0.7708189951823813,0.7661064425770309,0.743801652892562,0.7448377581120944
0.6775210084033614,0.6554621848739496,0.6859243697478992,0.680672268907563,0.680672268907563,0.6817226890756303,0.6764705882352942,0.6386554621848739,0.6785714285714286,0.6045551982851018,0.5862515833576927,0.6955300594368118,0.7052762350190003,0.7085257721913669,0.7073760109129885,0.6973350872064698,0.6755188541362174,0.6224300886680307,0.7734317343173431,0.7548579970104634,0.8036769533814839,0.8007863695937091,0.8010471204188482,0.8018312622629169,0.7981651376146789,0.7304075235109718,0.7660550458715596
0.6039915966386554,0.5714285714285714,0.6491596638655462,0.6460084033613446,0.6491596638655462,0.6502100840336135,0.6460084033613446,0.5346638655462185,0.6418067226890757,0.5354818279255578,0.5311897106109325,0.5301885413621749,0.5561093247588424,0.5727662476858618,0.5845464289194193,0.5922074442170906,0.5401539510864269,0.5516174607814479,0.7146101438304315,0.6688311688311688,0.7761394101876675,0.773063973063973,0.774018944519621,0.7730061349693251,0.7677463818056512,0.591705069124424,0.7552045944005743
0.5745798319327731,0.5525210084033614,0.6218487394957983,0.6376050420168067,0.6449579831932774,0.6386554621848739,0.6313025210084033,0.5367647058823529,0.5882352941176471,0.5485384390529084,0.5124524992692195,0.5750828217870019,0.5660187079801228,0.5554516223326513,0.5440124719867485,0.5344636071324174,0.5688906752411576,0.5340933450258208,0.6605196982397318,0.6525285481239804,0.7345132743362832,0.7561837455830389,0.7642956764295676,0.760778859527121,0.7540294323756132,0.608,0.6927899686520376
0.5063025210084033,0.5136554621848739,0.5987394957983193,0.6008403361344538,0.5934873949579832,0.5945378151260504,0.592436974789916,0.5189075630252101,0.5882352941176471,0.4948650492058852,0.4848436129786612,0.5351140017538731,0.5362954301861054,0.5384000779499172,0.53860469648251,0.5352090032154342,0.5423925752703888,0.5255578290948065,0.5848056537102474,0.6086221470836856,0.7203513909224012,0.7218155197657394,0.718135469774217,0.7178362573099415,0.7167883211678832,0.5562015503875969,0.6984615384615385
0.6113445378151261,0.6334033613445378,0.6449579831932774,0.6523109243697479,0.6428571428571429,0.6313025210084033,0.625,0.5997899159663865,0.6260504201680672,0.5837864172269317,0.5892867582578193,0.5913670466725129,0.5787976225275261,0.564951768488746,0.5522654194679919,0.5410114001753874,0.5868971061093249,0.5438273409334502,0.6937086092715232,0.7232355273592387,0.7773386034255599,0.775593220338983,0.761570827489481,0.7487473156764496,0.7418655097613883,0.6811715481171549,0.739385065885798
0.6397058823529411,0.6271008403361344,0.6512605042016807,0.6544117647058824,0.6565126050420168,0.6554621848739496,0.6617647058823529,0.5945378151260504,0.5987394957983193,0.5628130176361688,0.564547403293384,0.5665643574003701,0.5578851213095586,0.5467577706323687,0.5335891064990743,0.5198260742472961,0.5629396862515833,0.5044334015395109,0.7468634686346863,0.7292143401983219,0.7879948914431673,0.7889672867222579,0.7897106109324759,0.7883870967741935,0.7914507772020726,0.6820428336079077,0.7255747126436781
0.6680672268907563,0.6785714285714286,0.680672268907563,0.6817226890756303,0.6838235294117647,0.6722689075630253,0.6596638655462185,0.6628151260504201,0.6102941176470589,0.5774042677579656,0.597534833869239,0.6887873916008964,0.6821835720549546,0.6682061775309364,0.6480804832894865,0.623370359543993,0.6249926921952645,0.5467066159992204,0.7746077032810271,0.7779390420899854,0.7965194109772423,0.7975951903807615,0.7991994663108739,0.7917222963951935,0.7804878048780488,0.7525057825751735,0.7165775401069518
0.6323529411764706,0.634453781512605,0.6554621848739496,0.6565126050420168,0.6586134453781513,0.6544117647058824,0.6565126050420168,0.5903361344537815,0.6228991596638656,0.5778135048231511,0.5338984702328754,0.625470135437981,0.6167300009743739,0.6024992692195266,0.580644061190685,0.5582310240670368,0.5840836012861736,0.5300350774627302,0.7286821705426356,0.7549295774647887,0.7853403141361257,0.7861347285807717,0.7866053841103086,0.7836949375410914,0.7844429795649308,0.6986089644513137,0.7426523297491039
0.5588235294117647,0.5798319327731093,0.5882352941176471,0.5892857142857143,0.5934873949579832,0.601890756302521,0.6165966386554622,0.5798319327731093,0.5945378151260504,0.4874013446360713,0.4878300691805515,0.4791167300009743,0.4832017928480951,0.4781301763616876,0.46653999805125207,0.4562603527233753,0.47690733703595434,0.47987917762837373,0.6808510638297872,0.7101449275362319,0.7365591397849462,0.7367003367003367,0.7393939393939394,0.7454667562122229,0.7561790247160989,0.7093023255813954,0.7334254143646409
0.6775210084033614,0.6449579831932774,0.6785714285714286,0.6764705882352942,0.6701680672268907,0.6701680672268907,0.6586134453781513,0.648109243697479,0.6271008403361344,0.6038439052908506,0.583903342102699,0.6865779986358764,0.6813017636168761,0.6741011400175387,0.6651174120627497,0.6535272337523141,0.6484044626327584,0.5467650784371041,0.7737656595431098,0.7423780487804879,0.7943548387096774,0.793010752688172,0.7898259705488622,0.7901069518716578,0.7840531561461794,0.7392996108949417,0.7391623806024982
0.6239495798319328,0.5934873949579832,0.6554621848739496,0.667016806722689,0.667016806722689,0.6512605042016807,0.6313025210084033,0.5745798319327731,0.6228991596638656,0.5649809997076878,0.5452255675728345,0.6255700087693657,0.6328705057000878,0.6323881905875475,0.6303663646107376,0.6275479879177628,0.6208857059339374,0.5570642112442755,0.7246153846153847,0.6931007137192704,0.7867360208062418,0.7879598662207358,0.7797081306462822,0.7604617604617605,0.7390334572490707,0.6431718061674009,0.7278241091736164
0.5483193277310925,0.5640756302521008,0.6207983193277311,0.6271008403361344,0.6418067226890757,0.6449579831932774,0.6470588235294118,0.5462184873949579,0.6197478991596639,0.5127935301568742,0.5163158920393647,0.5151880541751924,0.5463022508038584,0.5704521095196335,0.5871382636655949,0.5993958881418688,0.5580946117119752,0.552518756698821,0.6452145214521452,0.6682653876898481,0.7565745111260958,0.757679180887372,0.7627000695894224,0.7602836879432624,0.7554585152838428,0.6369747899159663,0.7261724659606656
0.555672268907563,0.5808823529411765,0.6197478991596639,0.6271008403361344,0.6228991596638656,0.6281512605042017,0.634453781512605,0.5588235294117647,0.6123949579831933,0.5262447627399396,0.4886339277014518,0.5449040241644743,0.5619580044821202,0.5746638409821689,0.5824344733508721,0.5858837571860079,0.5278695313261229,0.5340884731559973,0.6466165413533834,0.7110789283128168,0.7570469798657719,0.7622237106496986,0.7582491582491583,0.7598371777476255,0.7613168724279835,0.678407350689127,0.7268689859363434
0.6302521008403361,0.6271008403361344,0.6869747899159664,0.6932773109243697,0.6901260504201681,0.6775210084033614,0.6586134453781513,0.6239495798319328,0.6397058823529411,0.5712267368215921,0.5745055052129008,0.6714337912890967,0.6729416349995128,0.6704423657799864,0.6636753385949528,0.6558365000487187,0.6487357497807658,0.5756162915326903,0.7296466973886329,0.7233047544816835,0.8036890645586298,0.8048128342245989,0.7989093387866394,0.7842586085734364,0.7656813266041816,0.7055921052631579,0.7399545109931767
0.6207983193277311,0.5840336134453782,0.648109243697479,0.6502100840336135,0.6449579831932774,0.6502100840336135,0.6607142857142857,0.5808823529411765,0.6228991596638656,0.5625694241449868,0.535856961901978,0.5758111663256358,0.5728295819935691,0.5679771996492254,0.5624135243106305,0.5546599434863101,0.5553736724154731,0.5463948163305077,0.7216653816499614,0.685214626391097,0.7771124417831005,0.7784431137724551,0.7770448548812665,0.7816393442622951,0.788750817527796,0.6699751861042184,0.7338769458858414
0.6123949579831933,0.6302521008403361,0.667016806722689,0.6733193277310925,0.6785714285714286,0.6733193277310925,0.6607142857142857,0.6197478991596639,0.6460084033613446,0.5589837279547891,0.5698041508330898,0.5750073078047354,0.5960050667446165,0.6081993569131834,0.616043067329241,0.620164669200039,0.5818084380785344,0.5569667738478028,0.711943793911007,0.7304747320061256,0.7907590759075908,0.7936297279362973,0.7946308724832215,0.7868403015764222,0.7752261656228253,0.7167449139280125,0.7577282530553558
0.5913865546218487,0.5903361344537815,0.6292016806722689,0.6313025210084033,0.6260504201680672,0.6313025210084033,0.6302521008403361,0.5819327731092437,0.6355042016806722,0.5052080288414693,0.507960635291825,0.5322469063626619,0.54771022118289,0.5611663256357791,0.5696726103478515,0.5745980707395499,0.5489403683133587,0.5539072395985579,0.7154352596927579,0.7123893805309734,0.7638795986622073,0.7604095563139932,0.7503506311360448,0.7465703971119133,0.7396449704142012,0.6984848484848485,0.7461594732991953
0.5073529411764706,0.5168067226890757,0.6355042016806722,0.648109243697479,0.6544117647058824,0.6554621848739496,0.6565126050420168,0.5136554621848739,0.6365546218487395,0.47717528987625457,0.4659163987138264,0.4692170905193414,0.48486553639286756,0.49783932573321643,0.5161721718795673,0.5361858131150735,0.47087596219429023,0.5283932573321641,0.6042194092827005,0.6308186195826645,0.7700463883366467,0.7823261858349577,0.7884244372990353,0.7902813299232737,0.7915869980879541,0.6170388751033913,0.7600554785020804
0.6848739495798319,0.6953781512605042,0.6628151260504201,0.6617647058823529,0.6565126050420168,0.6544117647058824,0.6544117647058824,0.648109243697479,0.6376050420168067,0.6101822079314041,0.6167982071519049,0.6687299035369775,0.6627521192633732,0.6478636850823345,0.6203327487089545,0.5788707005748807,0.6694923511643769,0.5604940076001169,0.7797356828193832,0.7892441860465116,0.7940987812700449,0.7943805874840357,0.7918523233609166,0.7908455181182454,0.7908455181182454,0.7278635255889521,0.7453874538745388
0.6271008403361344,0.6628151260504201,0.657563025210084,0.6586134453781513,0.6397058823529411,0.6271008403361344,0.6050420168067226,0.6533613445378151,0.6008403361344538,0.5432086134658483,0.5541800643086816,0.5521387508525772,0.5503702621065965,0.5436860567085647,0.5361833771801618,0.526926824515249,0.5495907629348145,0.5167105134950793,0.7410649161196207,0.7787732598208132,0.7877604166666666,0.7843397478433974,0.7671418873048201,0.7529575504523313,0.732574679943101,0.7698744769874477,0.7214076246334311
0.6260504201680672,0.6334033613445378,0.6397058823529411,0.6313025210084033,0.6239495798319328,0.6113445378151261,0.6039915966386554,0.6281512605042017,0.5913865546218487,0.5388482899736919,0.547320471596999,0.5985603624671149,0.5862223521387508,0.5735701062067622,0.5613173536003118,0.5500706421124428,0.5980293286563383,0.5286806976517587,0.7420289855072464,0.7469180565627266,0.772093023255814,0.7649028801071668,0.7567934782608695,0.7426981919332406,0.7316725978647687,0.7326283987915407,0.7009992313604919
0.569327731092437,0.5724789915966386,0.6659663865546218,0.6617647058823529,0.6607142857142857,0.6512605042016807,0.6449579831932774,0.5619747899159664,0.6271008403361344,0.5146448406898567,0.5049644353502875,0.5618288999317939,0.5651856182402807,0.5652343369385171,0.5644986845951476,0.5618240280619702,0.5621918542336549,0.5410747344830946,0.6776729559748428,0.6890756302521008,0.7905138339920948,0.7838926174496644,0.7792207792207793,0.7675070028011205,0.7585714285714286,0.6556564822460776,0.7421931735657226
0.5882352941176471,0.6060924369747899,0.6439075630252101,0.648109243697479,0.6523109243697479,0.6596638655462185,0.6544117647058824,0.5147058823529411,0.6260504201680672,0.4857254214167398,0.5015248952547988,0.4538999317938226,0.4790363441488843,0.496847900224106,0.5219331579460198,0.5499537172366755,0.43020802884146936,0.5296014810484264,0.7223796033994334,0.7364722417427969,0.777120315581854,0.7817589576547231,0.7860374919198448,0.7923076923076923,0.7905792488860598,0.6356466876971609,0.7467994310099573
0.6743697478991597,0.6754201680672269,0.6680672268907563,0.6691176470588235,0.6554621848739496,0.6470588235294118,0.6407563025210085,0.6533613445378151,0.6292016806722689,0.6348631004579558,0.6193072201110786,0.6705276235019001,0.652854915716652,0.6255188541362174,0.5947724836792361,0.5665107668323102,0.6229635584137191,0.5362808145766345,0.753968253968254,0.7635807192042846,0.7904509283819628,0.787305874409183,0.7753424657534247,0.7656903765690377,0.7574468085106383,0.7355769230769231,0.7473156764495347
0.6439075630252101,0.6470588235294118,0.6533613445378151,0.6586134453781513,0.6607142857142857,0.6638655462184874,0.6617647058823529,0.5892857142857143,0.6207983193277311,0.5852333625645523,0.5783981292019877,0.6138507259086038,0.6197554321348534,0.6228977881711001,0.624958589106499,0.6250170515443827,0.61371187761863,0.57039364708175,0.7402298850574712,0.7481259370314842,0.7817460317460317,0.7863247863247863,0.7906675307841866,0.794344473007712,0.7935897435897435,0.65970409051349,0.7168627450980393
0.6376050420168067,0.6848739495798319,0.6754201680672269,0.6796218487394958,0.6827731092436975,0.6869747899159664,0.6901260504201681,0.6701680672268907,0.6449579831932774,0.5484020266978467,0.6101822079314041,0.654014420734678,0.6602114391503459,0.6618824904998539,0.6609081165351263,0.6583698723570105,0.6726785540290363,0.5646984312579167,0.7516198704103672,0.7797356828193832,0.7965766951942067,0.7965310206804537,0.7948369565217391,0.7936288088642659,0.7932725998598459,0.7663690476190477,0.7525622254758418
0.5294117647058824,0.5745798319327731,0.6239495798319328,0.6050420168067226,0.5882352941176471,0.5724789915966386,0.5735294117647058,0.5430672268907563,0.5703781512605042,0.5025918347461756,0.5151076683231024,0.4996273019584917,0.4969843125791679,0.4942560654779304,0.49407093442463224,0.49379810971450844,0.5012301471304687,0.4941099093832213,0.6209813874788495,0.6853146853146853,0.755464480874317,0.7337110481586402,0.7155297532656023,0.6973977695167286,0.693815987933635,0.648910411622276,0.6931732933233309
0.5703781512605042,0.5525210084033614,0.5892857142857143,0.5934873949579832,0.5882352941176471,0.5840336134453782,0.5756302521008403,0.5210084033613446,0.5850840336134454,0.5346536100555394,0.5209880152002339,0.5456226249634609,0.5506284712072493,0.5539998051252072,0.5553395693267076,0.5557585501315405,0.5458832699990256,0.5138994446068401,0.6644790812141099,0.6455906821963394,0.729036729036729,0.7225806451612903,0.7100591715976331,0.7013574660633484,0.691131498470948,0.5935828877005348,0.7014361300075586
0.6428571428571429,0.6565126050420168,0.6586134453781513,0.6502100840336135,0.667016806722689,0.6722689075630253,0.667016806722689,0.6554621848739496,0.6355042016806722,0.5751826951183865,0.5899006138555978,0.6269925947578681,0.6413037123648057,0.6472230342005261,0.6489038292896814,0.6471670076975543,0.6727808632953327,0.5510620676215532,0.7443609022556391,0.754320060105184,0.7787610619469026,0.7736233854520734,0.7821305841924399,0.7851239669421488,0.7790940766550523,0.7530120481927711,0.7476363636363637
0.6890756302521008,0.6691176470588235,0.6796218487394958,0.6869747899159664,0.6901260504201681,0.6775210084033614,0.6533613445378151,0.667016806722689,0.6512605042016807,0.6055734190782422,0.5696726103478515,0.6430795089155219,0.6405997271752898,0.6330580726882977,0.6215166130760987,0.6071738283153074,0.6150297184059242,0.5503166715385365,0.7867435158501441,0.7792571829011913,0.7992100065832785,0.8026490066225166,0.8034643570952699,0.7932659932659932,0.7755102040816326,0.7660516605166051,0.7671809256661991
0.601890756302521,0.5210084033613446,0.6176470588235294,0.6302521008403361,0.6470588235294118,0.6460084033613446,0.6460084033613446,0.4894957983193277,0.5861344537815126,0.5104014420734678,0.47055441878593,0.5190027282471013,0.5141868849264348,0.5081019195167106,0.501144889408555,0.49447529961999415,0.47018659261424534,0.5019000292312189,0.7263537906137184,0.6340288924558587,0.7493112947658402,0.7621621621621621,0.7751004016064257,0.773369199731002,0.7721433400946586,0.578125,0.7102941176470589
0.6460084033613446,0.6260504201680672,0.6554621848739496,0.648109243697479,0.6397058823529411,0.6218487394957983,0.6071428571428571,0.601890756302521,0.5735294117647058,0.6465896911234532,0.6007307804735458,0.6188297768683619,0.5941537562116339,0.5569375426288609,0.5145376595537368,0.4810362467114879,0.6147593296307122,0.5086134658481926,0.704126426690079,0.7048092868988391,0.7856209150326797,0.7771124417831005,0.7677725118483413,0.7520661157024794,0.7362482369534555,0.6474418604651163,0.6881720430107527
0.5787815126050421,0.5766806722689075,0.6628151260504201,0.6680672268907563,0.6617647058823529,0.6659663865546218,0.6596638655462185,0.5451680672268907,0.5745798319327731,0.5161892234239501,0.5110250414108934,0.5670466725129104,0.568279255578291,0.5674802689272143,0.5665692292701938,0.5657970379031472,0.5498733313845854,0.5065721523920881,0.6908249807247494,0.6911877394636016,0.7867109634551495,0.7907284768211921,0.7850467289719626,0.7860026917900403,0.779891304347826,0.6476810414971521,0.6910755148741419
0.6428571428571429,0.6113445378151261,0.6554621848739496,0.6554621848739496,0.6565126050420168,0.6533613445378151,0.6460084033613446,0.5945378151260504,0.6092436974789915,0.5509987333138459,0.5290168566695899,0.5494226834258988,0.5499171782129981,0.5489574198577414,0.5476371431355354,0.5446190197797915,0.5431696385072591,0.5423462925070641,0.7567954220314735,0.7283406754772394,0.7856209150326797,0.7853403141361257,0.7858546168958742,0.7817460317460317,0.7748830995323981,0.7088989441930619,0.7177541729893778
0.6985294117647058,0.7027310924369747,0.667016806722689,0.6628151260504201,0.6628151260504201,0.6586134453781513,0.6586134453781513,0.6785714285714286,0.667016806722689,0.6725567572834454,0.6636802104647764,0.7001169248757673,0.702465166130761,0.6995323004969307,0.6859056806002144,0.6602625937834942,0.7067158725518855,0.6107424729611224,0.7664768104149715,0.77663772691397,0.7958789439793947,0.7938342967244701,0.7940987812700449,0.792332268370607,0.791800128122998,0.7389078498293515,0.757088122605364
0.6197478991596639,0.5892857142857143,0.6638655462184874,0.6617647058823529,0.6659663865546218,0.667016806722689,0.6712184873949579,0.5262605042016807,0.6628151260504201,0.5887946994056319,0.5839764201500536,0.6116169735944655,0.6269804150833089,0.6413767904121603,0.650794114781253,0.6543992984507454,0.6049887946994056,0.6089496248660236,0.7032786885245902,0.6567164179104478,0.782016348773842,0.7853333333333333,0.7899603698811096,0.7913100724160632,0.793943383805135,0.5675934803451582,0.7525057825751735
0.6512605042016807,0.625,0.6817226890756303,0.6901260504201681,0.694327731092437,0.6901260504201681,0.6901260504201681,0.5987394957983193,0.694327731092437,0.6029523531131247,0.5750316671538536,0.6482924096268148,0.6631540485238234,0.6731365097924583,0.6805076488356232,0.6834916691026016,0.6470354672123161,0.6223959855792653,0.7402190923317684,0.72,0.8010505581089954,0.802675585284281,0.8035111411208643,0.7991831177671885,0.7978067169294037,0.6706896551724137,0.7855563743551953
0.5378151260504201,0.523109243697479,0.6092436974789915,0.6113445378151261,0.6060924369747899,0.6092436974789915,0.6092436974789915,0.5241596638655462,0.6144957983193278,0.5140017538731365,0.5006138555977784,0.5686495176848875,0.589695995323005,0.6051690538828802,0.6123258306538049,0.61600165643574,0.5526917080775602,0.5506333430770729,0.6258503401360545,0.6113013698630136,0.7335243553008596,0.7322720694645442,0.7256766642282371,0.7228017883755589,0.7173252279635258,0.6001765225066196,0.7200610221205187
0.5514705882352942,0.5640756302521008,0.5976890756302521,0.6144957983193278,0.6102941176470589,0.6060924369747899,0.6134453781512605,0.5577731092436975,0.6292016806722689,0.4903098509207834,0.4885754652635682,0.48478758647568937,0.48347948942804253,0.4850238721621358,0.4887946994056319,0.49227077852479784,0.505724447042775,0.5284565916398714,0.667704280155642,0.6877351392024078,0.7371310912834592,0.747766323024055,0.7439613526570048,0.7368421052631579,0.7390070921985815,0.6738962044926413,0.7512332628611699
0.5861344537815126,0.5735294117647058,0.6260504201680672,0.6260504201680672,0.6207983193277311,0.6228991596638656,0.6197478991596639,0.5850840336134454,0.6029411764705882,0.5431550228977882,0.5299522556757283,0.5394865049205885,0.5498976907337036,0.5566549741790899,0.5603819545941733,0.5636753385949528,0.5489939588814187,0.5275650394621456,0.6832797427652733,0.6731078904991948,0.7584803256445047,0.7554945054945055,0.747021723896286,0.7448471926083866,0.7403156384505022,0.6626814688300597,0.7179104477611941
0.6397058823529411,0.6355042016806722,0.6355042016806722,0.6439075630252101,0.6439075630252101,0.6292016806722689,0.6092436974789915,0.6197478991596639,0.5976890756302521,0.5585452596706616,0.5517733606158044,0.5479099678456592,0.5573613953035175,0.551724641917568,0.5419565429211731,0.5366218454642893,0.5625475007307805,0.5263909188346487,0.7490855888807608,0.7472687545520758,0.7564912280701754,0.7610993657505285,0.7597448618001418,0.7436456063907044,0.7219730941704036,0.7306547619047619,0.7113790504898266
0.582983193277311,0.4989495798319328,0.6502100840336135,0.6470588235294118,0.6460084033613446,0.6439075630252101,0.648109243697479,0.43592436974789917,0.592436974789916,0.5549693072201111,0.47003312871480074,0.5266783591542435,0.5121699308194485,0.4984604891357302,0.48916008964240476,0.4813334307707298,0.4734556172659067,0.5173925752703887,0.6694421315570358,0.5954198473282443,0.7830618892508143,0.7815344603381015,0.7810266406757634,0.7800129785853342,0.7817589576547231,0.4537131230925738,0.7095808383233533
0.5955882352941176,0.6313025210084033,0.6376050420168067,0.6355042016806722,0.6355042016806722,0.6271008403361344,0.6218487394957983,0.6134453781512605,0.6260504201680672,0.5247832017928481,0.5492692195264544,0.5503312871480074,0.5598996394816331,0.5664620481340739,0.571860079898665,0.5748879469940563,0.5898250998733313,0.5466725129104549,0.7094339622641509,0.7432333577176299,0.7731755424063116,0.7672702883970489,0.7605244996549344,0.7484053862508859,0.7387518142235123,0.7065390749601276,0.7378497790868925
0.5630252100840336,0.5903361344537815,0.6260504201680672,0.6113445378151261,0.5945378151260504,0.5819327731092437,0.5777310924369747,0.5451680672268907,0.5987394957983193,0.5169346195069668,0.526454253142356,0.5327608886290559,0.5082529474812434,0.48984215141771414,0.4759475786806977,0.46507600116924874,0.536436714410991,0.5094124524992691,0.666131621187801,0.700920245398773,0.7626666666666667,0.7458791208791209,0.7277856135401974,0.7144906743185079,0.7078488372093024,0.64882400648824,0.7227866473149492
0.5220588235294118,0.5388655462184874,0.6165966386554622,0.6260504201680672,0.6176470588235294,0.6071428571428571,0.5976890756302521,0.509453781512605,0.5682773109243697,0.4877180161746078,0.4920442365779986,0.4985213875085258,0.4917714118678749,0.48422488551105913,0.475255773165741,0.4671855208028841,0.5006309071421611,0.48254409042190394,0.6211490424646128,0.6462530217566479,0.7494852436513384,0.7551581843191196,0.749656121045392,0.7417127071823204,0.7323549965059399,0.5819158460161146,0.6975717439293598
0.5010504201680672,0.532563025210084,0.6039915966386554,0.5987394957983193,0.5955882352941176,0.5882352941176471,0.5850840336134454,0.5073529411764706,0.5903361344537815,0.47092955276235016,0.48366462048134073,0.4925387313650979,0.4978807366267174,0.4973155997271753,0.49399785637727756,0.49108204228783003,0.49693072201110783,0.4994251193608107,0.5984784446322908,0.642570281124498,0.7320540156361052,0.7239884393063584,0.72,0.7138686131386861,0.7110460863204097,0.6008510638297873,0.717391304347826
0.6071428571428571,0.6260504201680672,0.6544117647058824,0.6523109243697479,0.6470588235294118,0.6323529411764706,0.6186974789915967,0.6207983193277311,0.6123949579831933,0.5208223716262301,0.524622430088668,0.6311361200428725,0.6282373574978077,0.6221280327389652,0.6146594562993276,0.60662817889506,0.5954545454545455,0.5227077852479782,0.7274052478134111,0.7492957746478873,0.783410138248848,0.780649436713055,0.7754010695187166,0.7638326585695007,0.7528931245745405,0.742326909350464,0.7331887201735358
0.569327731092437,0.5840336134453782,0.6439075630252101,0.6470588235294118,0.6523109243697479,0.6512605042016807,0.6554621848739496,0.5703781512605042,0.6271008403361344,0.5310045795576342,0.5408360128617363,0.56381905875475,0.5795162233265128,0.5958077560167592,0.610452596706616,0.6209928870700575,0.5745858910649908,0.5773506771899055,0.6655791190864601,0.6816720257234726,0.7777049180327869,0.7792378449408672,0.7826657912015759,0.781578947368421,0.7833553500660502,0.6530958439355385,0.7215686274509804
0.680672268907563,0.6974789915966386,0.6659663865546218,0.6764705882352942,0.6880252100840336,0.6890756302521008,0.6964285714285714,0.6796218487394958,0.6869747899159664,0.6019877228880444,0.6191172171879568,0.5979148397154828,0.6135827730683037,0.6282665887167495,0.6382977686836209,0.6436129786612101,0.6449478709928871,0.6068108740134464,0.7784256559766763,0.7906976744186046,0.7891246684350133,0.7957559681697612,0.8008048289738431,0.8005390835579514,0.8019191226867718,0.769811320754717,0.783744557329463
0.46008403361344535,0.4831932773109244,0.6418067226890757,0.6439075630252101,0.6470588235294118,0.6512605042016807,0.6512605042016807,0.4485294117647059,0.5283613445378151,0.4417129494299912,0.4515736139530352,0.4285077462730196,0.4267684887459807,0.4251632076390919,0.42604501607717044,0.43070252362856865,0.42683425898859984,0.4541313456104453,0.5483304042179262,0.583756345177665,0.7815502882767457,0.783109404990403,0.7854406130268199,0.7885350318471338,0.7888040712468194,0.5240253853127833,0.6585551330798479
0.4989495798319328,0.5462184873949579,0.5724789915966386,0.5619747899159664,0.5462184873949579,0.542016806722689,0.5399159663865546,0.5031512605042017,0.5735294117647058,0.47074442170905195,0.5126083991035759,0.47628860956835234,0.47956250608983725,0.4830117899249731,0.48698723570106206,0.49082626912208904,0.4877910942219625,0.5071908798596901,0.594732370433305,0.6417910447761194,0.7198898830006882,0.7027797576621525,0.6818851251840943,0.6731634182908546,0.6676783004552352,0.576544315129812,0.6891271056661562
0.5525210084033614,0.5640756302521008,0.6439075630252101,0.6449579831932774,0.6334033613445378,0.6228991596638656,0.6050420168067226,0.5567226890756303,0.5840336134453782,0.5174315502289779,0.5326756309071421,0.5475543213485337,0.5507600116924876,0.5516613076098607,0.5509353990061385,0.5502241060118873,0.5581823053688006,0.5180746370456981,0.6485148514851485,0.6556016597510373,0.7782864617396992,0.7737617135207496,0.7604667124227865,0.7491264849755416,0.7329545454545454,0.634315424610052,0.6972477064220184
